[{"@type":"mappingTemplate","id":"@1","name":"M_SFDC_EDW_STG_Campaign","description":"CPQ Object : Campaign (SFDC)","bundleVersion":"0","templateId":"@3","deployTime":1584865366000,"hasParameters":false,"valid":false,"fixedConnection":true,"hasParametersDeployed":false,"fixedConnectionDeployed":true,"tasks":0,"mappingPreviewFileRecordId":"@2","documentType":"","references":[{"@type":"reference","refObjectId":"@70lRaBTsVVUbuF2Uq62wib","refType":"connection"},{"@type":"reference","refObjectId":"@bI8WniMj9MqdVRrNfXtzo5","refType":"connection"}]}]