[{"@type":"mappingTemplate","id":"@1","name":"m_pragyatest","description":"","bundleVersion":"0","templateId":"@3","deployTime":1583324776000,"hasParameters":true,"valid":true,"fixedConnection":true,"hasParametersDeployed":true,"fixedConnectionDeployed":true,"tasks":1,"mappingPreviewFileRecordId":"@2","documentType":"","references":[{"@type":"reference","refObjectId":"@3xMOq5CYcj2gGG9rfKU9OA","refType":"connection"},{"@type":"reference","refObjectId":"@76y4il3COpRkXQ63R60NwF","refType":"connection"}]}]