[{"@type":"mappingTemplate","id":"@1","name":"m_SFDC_EDW_STG_OLD_USER","description":"Sales Obejct :User","bundleVersion":"0","templateId":"@3","deployTime":1585579307000,"hasParameters":false,"valid":true,"fixedConnection":true,"hasParametersDeployed":false,"fixedConnectionDeployed":true,"tasks":1,"mappingPreviewFileRecordId":"@2","documentType":"","references":[{"@type":"reference","refObjectId":"@bI8WniMj9MqdVRrNfXtzo5","refType":"connection"},{"@type":"reference","refObjectId":"@hiXd3KK5QELkTTTck5hhAH","refType":"connection"}]}]