[{"@type":"mappingTemplate","id":"@1","name":"M_SFDC_EDW_STG_Partner_Relationship__c","description":"Object containing all the relationship records of Partner Account (Example: Opportunity Partner)","bundleVersion":"0","templateId":"@3","deployTime":1585573373000,"hasParameters":false,"valid":true,"fixedConnection":true,"hasParametersDeployed":false,"fixedConnectionDeployed":true,"tasks":1,"mappingPreviewFileRecordId":"@2","documentType":"","references":[{"@type":"reference","refObjectId":"@70lRaBTsVVUbuF2Uq62wib","refType":"connection"},{"@type":"reference","refObjectId":"@bI8WniMj9MqdVRrNfXtzo5","refType":"connection"}]}]