[{"@type":"mtTask","id":"@1","name":"mct_SFDC_EDW_NEW_ACCOUNT","description":"Mapping Configuration Task for NEW ORG Account","runtimeEnvironmentId":"@3jgICfbqaRRg5PbH6DOO2b","maxLogs":10,"verbose":false,"lastRunTime":1587612627000,"mappingId":"@h3OtM9FrnWuccGh2XZnpgL","shortDescription":"Mapping Configuration Task for NEW ORG Account","sessionProperties":{},"enableCrossSchemaPushdown":false,"parameters":[{"@type":"mtTaskParameter","id":24111673,"name":"$Src_SFDC_NEW_ACCOUNT$","type":"EXTENDED_SOURCE","label":"Src_SFDC_NEW_ACCOUNT","uiProperties":{"connectionParameterized":"false","isMsrcFilterParameterized":"false","isMsrcSortParameterized":"false","objectParameterized":"false","visible":"false"},"sourceConnectionId":"@70lRaBTsVVUbuF2Uq62wib","newFlatFile":false,"newObject":false,"showBusinessNames":false,"naturalOrder":true,"truncateTarget":false,"bulkApiDBTarget":false,"customFuncCfg":{"@type":"customFuncConfig","id":-1,"connections":[],"inputMap":[],"outputFields":[]},"tgtFieldRefs":{},"targetUpdateColumns":[],"extendedObject":{"@type":"extendedObject","object":{"@type":"mObject","name":"Account","label":"Account","metadataUpdated":false,"relations":[],"children":[]},"filters":[],"sortFields":[]},"runtimeAttrs":{},"isRESTModernSource":true,"isFileList":false,"handleSpecialChars":false,"frsAsset":false,"fetchMode":"ORIGINAL","tgtObjectAttributes":{},"runtimeParameterData":{"@type":"mtTaskRuntimeParameterData","isConnectionRuntimeParameter":false,"isObjectRuntimeParameter":false},"overriddenFields":[]},{"@type":"mtTaskParameter","id":24111674,"name":"$SALES_STG_NEW_ACCOUNT$","type":"TARGET","label":"SALES_STG_NEW_ACCOUNT","uiProperties":{"connectionParameterized":"false","objectParameterized":"false","visible":"false","defaultTargetUpdateColumns":""},"targetConnectionId":"@bI8WniMj9MqdVRrNfXtzo5","targetObject":"STG_NEW_ACCOUNT","targetObjectLabel":"STG_NEW_ACCOUNT","newFlatFile":false,"newObject":false,"showBusinessNames":false,"naturalOrder":true,"truncateTarget":true,"bulkApiDBTarget":false,"operationType":"Insert","customFuncCfg":{"@type":"customFuncConfig","id":-1,"connections":[],"inputMap":[],"outputFields":[]},"tgtFieldRefs":{},"targetUpdateColumns":[],"extendedObject":{"@type":"extendedObject","filters":[],"sortFields":[]},"runtimeAttrs":{},"isRESTModernSource":true,"isFileList":false,"handleSpecialChars":false,"frsAsset":false,"fetchMode":"ORIGINAL","tgtObjectAttributes":{},"runtimeParameterData":{"@type":"mtTaskRuntimeParameterData","isConnectionRuntimeParameter":false,"isObjectRuntimeParameter":false},"overriddenFields":[]}],"sequences":[],"inOutParameters":[],"connRuntimeAttrs":[]}]