[{"@type":"mappingTemplate","id":"@1","name":"M_SFDC_EDW_STG_NEW_OPPORTUNITY","description":"OPPORTUNITY OBJECT","bundleVersion":"0","templateId":"@3","deployTime":1585578753000,"hasParameters":false,"valid":true,"fixedConnection":true,"hasParametersDeployed":false,"fixedConnectionDeployed":true,"tasks":1,"mappingPreviewFileRecordId":"@2","documentType":"","references":[{"@type":"reference","refObjectId":"@70lRaBTsVVUbuF2Uq62wib","refType":"connection"},{"@type":"reference","refObjectId":"@bI8WniMj9MqdVRrNfXtzo5","refType":"connection"}]}]