[{"@type":"drsTask","id":"@1","name":"DR_CPQ_TO_FIN_STG","maxLogs":10,"sourceConnectionId":"@70lRaBTsVVUbuF2Uq62wib","targetConnectionId":"@k748b2jTeS6gAxPwFtjc8n","tablePrefix":"SF_","verbose":false,"fullRefresh":true,"replicateAllObjects":false,"removeDeleted":false,"queryAll":false,"srcShowLabels":true,"maxRows":0,"stopOnError":true,"replicationObjects":["Product2"],"excludedReplicationObjects":[],"majorUpdateTime":1591788494000,"metadataMode":0,"bulkApi":false,"base64BodySize":0.0,"bulkApiDBTarget":false,"fieldExclusions":[],"filters":[],"advancedFilters":[],"srcRuntimeAttrs":{"@type":"taskRuntimeAttrs","attrs":{"PK Chunking size":"100000","Enable PK Chunking":"0","PK Chunking startRow ID":""}}}]