[{"@type":"mtTask","id":"@1","name":"mct_SFDC_EDW_STG_SBQQ_QUOTE__C","description":"SBQQ_QUOTE__C  NEW ORG STAGE TO EDW STG","runtimeEnvironmentId":"@3jgICfbqaRRg5PbH6DOO2b","maxLogs":10,"verbose":false,"lastRunTime":1587616119000,"mappingId":"@geTD8wafWq2luNs0j2gGcg","shortDescription":"SBQQ_QUOTE__C  NEW ORG STAGE TO EDW STG","sessionProperties":{},"enableCrossSchemaPushdown":false,"parameters":[{"@type":"mtTaskParameter","id":24112121,"name":"$SFDC_SBQQ_QUOTE__C$","type":"EXTENDED_SOURCE","label":"SFDC_SBQQ_QUOTE__C","uiProperties":{"connectionParameterized":"false","isMsrcFilterParameterized":"false","isMsrcSortParameterized":"false","objectParameterized":"false","visible":"false"},"sourceConnectionId":"@70lRaBTsVVUbuF2Uq62wib","newFlatFile":false,"newObject":false,"showBusinessNames":false,"naturalOrder":true,"truncateTarget":false,"bulkApiDBTarget":false,"customFuncCfg":{"@type":"customFuncConfig","id":-1,"connections":[],"inputMap":[],"outputFields":[]},"tgtFieldRefs":{},"targetUpdateColumns":[],"extendedObject":{"@type":"extendedObject","object":{"@type":"mObject","name":"SBQQ__Quote__c","label":"Quote","metadataUpdated":false,"relations":[],"children":[]},"filters":[],"sortFields":[]},"runtimeAttrs":{},"isRESTModernSource":true,"isFileList":false,"handleSpecialChars":false,"frsAsset":false,"fetchMode":"ORIGINAL","tgtObjectAttributes":{},"runtimeParameterData":{"@type":"mtTaskRuntimeParameterData","isConnectionRuntimeParameter":false,"isObjectRuntimeParameter":false},"overriddenFields":[]},{"@type":"mtTaskParameter","id":24112122,"name":"$SALES_STG_SBQQ_QUOTE__C$","type":"TARGET","label":"SALES_STG_SBQQ_QUOTE__C","uiProperties":{"connectionParameterized":"false","objectParameterized":"false","visible":"false","defaultTargetUpdateColumns":""},"targetConnectionId":"@bI8WniMj9MqdVRrNfXtzo5","targetObject":"STG_SBQQ__QUOTE__C","targetObjectLabel":"STG_SBQQ__QUOTE__C","newFlatFile":false,"newObject":false,"showBusinessNames":false,"naturalOrder":true,"truncateTarget":true,"bulkApiDBTarget":false,"operationType":"Insert","customFuncCfg":{"@type":"customFuncConfig","id":-1,"connections":[],"inputMap":[],"outputFields":[]},"tgtFieldRefs":{},"targetUpdateColumns":[],"extendedObject":{"@type":"extendedObject","filters":[],"sortFields":[]},"runtimeAttrs":{},"isRESTModernSource":true,"isFileList":false,"handleSpecialChars":false,"frsAsset":false,"fetchMode":"ORIGINAL","tgtObjectAttributes":{},"runtimeParameterData":{"@type":"mtTaskRuntimeParameterData","isConnectionRuntimeParameter":false,"isObjectRuntimeParameter":false},"overriddenFields":[]}],"sequences":[],"inOutParameters":[],"connRuntimeAttrs":[]}]