[{"@type":"mtTask","id":"@1","name":"mct_SFDC_EDW_STG_blng__LegalEntity__c","description":"blng__LegalEntity__c  table from SOURCE TO EDW STAGE","runtimeEnvironmentId":"@3jgICfbqaRRg5PbH6DOO2b","maxLogs":10,"verbose":false,"lastRunTime":1587616119000,"mappingId":"@aLgf2AhgYrXe17OZdFaZuP","shortDescription":"blng__LegalEntity__c  table from SOURCE TO EDW STA...","sessionProperties":{},"enableCrossSchemaPushdown":false,"parameters":[{"@type":"mtTaskParameter","id":24112203,"name":"$SFDC_blng__LegalEntity__c$","type":"EXTENDED_SOURCE","label":"SFDC_blng__LegalEntity__c","uiProperties":{"connectionParameterized":"false","isMsrcFilterParameterized":"false","isMsrcSortParameterized":"false","objectParameterized":"false","visible":"false"},"sourceConnectionId":"@70lRaBTsVVUbuF2Uq62wib","newFlatFile":false,"newObject":false,"showBusinessNames":false,"naturalOrder":true,"truncateTarget":false,"bulkApiDBTarget":false,"customFuncCfg":{"@type":"customFuncConfig","id":-1,"connections":[],"inputMap":[],"outputFields":[]},"tgtFieldRefs":{},"targetUpdateColumns":[],"extendedObject":{"@type":"extendedObject","object":{"@type":"mObject","name":"blng__LegalEntity__c","label":"Legal Entity","metadataUpdated":false,"relations":[],"children":[]},"filters":[],"sortFields":[]},"runtimeAttrs":{},"isRESTModernSource":true,"isFileList":false,"handleSpecialChars":false,"frsAsset":false,"fetchMode":"ORIGINAL","tgtObjectAttributes":{},"runtimeParameterData":{"@type":"mtTaskRuntimeParameterData","isConnectionRuntimeParameter":false,"isObjectRuntimeParameter":false},"overriddenFields":[]},{"@type":"mtTaskParameter","id":24112204,"name":"$EDW_STG_blng__LegalEntity__c$","type":"TARGET","label":"EDW_STG_blng__LegalEntity__c","uiProperties":{"connectionParameterized":"false","objectParameterized":"false","visible":"false","defaultTargetUpdateColumns":""},"targetConnectionId":"@bI8WniMj9MqdVRrNfXtzo5","targetObject":"STG_BLNG__LEGALENTITY__C","targetObjectLabel":"STG_BLNG__LEGALENTITY__C","newFlatFile":false,"newObject":false,"showBusinessNames":false,"naturalOrder":true,"truncateTarget":true,"bulkApiDBTarget":false,"operationType":"Insert","customFuncCfg":{"@type":"customFuncConfig","id":-1,"connections":[],"inputMap":[],"outputFields":[]},"tgtFieldRefs":{},"targetUpdateColumns":[],"extendedObject":{"@type":"extendedObject","filters":[],"sortFields":[]},"runtimeAttrs":{},"isRESTModernSource":true,"isFileList":false,"handleSpecialChars":false,"frsAsset":false,"fetchMode":"ORIGINAL","tgtObjectAttributes":{},"runtimeParameterData":{"@type":"mtTaskRuntimeParameterData","isConnectionRuntimeParameter":false,"isObjectRuntimeParameter":false},"overriddenFields":[]}],"sequences":[],"inOutParameters":[],"connRuntimeAttrs":[]}]