[{"@type":"mappingTemplate","id":"@1","name":"m_SFDC_EDW_STG_Order","description":"Order Object from NEW SFDC","bundleVersion":"0","templateId":"@3","deployTime":1585573375000,"hasParameters":false,"valid":true,"fixedConnection":true,"hasParametersDeployed":false,"fixedConnectionDeployed":true,"tasks":1,"mappingPreviewFileRecordId":"@2","documentType":"","references":[{"@type":"reference","refObjectId":"@70lRaBTsVVUbuF2Uq62wib","refType":"connection"},{"@type":"reference","refObjectId":"@bI8WniMj9MqdVRrNfXtzo5","refType":"connection"}]}]