[{"@type":"mappingTemplate","id":"@1","name":"M_SFDC_EDW_STG_OLD_ACCOUNT","description":"ACCOUNT OBJECT (OLD)","bundleVersion":"0","templateId":"@3","deployTime":1585574041000,"hasParameters":false,"valid":true,"fixedConnection":true,"hasParametersDeployed":false,"fixedConnectionDeployed":true,"tasks":1,"mappingPreviewFileRecordId":"@2","documentType":"","references":[{"@type":"reference","refObjectId":"@bI8WniMj9MqdVRrNfXtzo5","refType":"connection"},{"@type":"reference","refObjectId":"@hiXd3KK5QELkTTTck5hhAH","refType":"connection"}]}]